BEGIN TRANSACTION;
CREATE TABLE "auth_group" ("id" integer NOT NULL PRIMARY KEY AUTOINCREMENT, "name" varchar(150) NOT NULL UNIQUE);
CREATE TABLE "auth_group_permissions" ("id" integer NOT NULL PRIMARY KEY AUTOINCREMENT, "group_id" integer NOT NULL REFERENCES "auth_group" ("id") DEFERRABLE INITIALLY DEFERRED, "permission_id" integer NOT NULL REFERENCES "auth_permission" ("id") DEFERRABLE INITIALLY DEFERRED);
CREATE TABLE "auth_permission" ("id" integer NOT NULL PRIMARY KEY AUTOINCREMENT, "content_type_id" integer NOT NULL REFERENCES "django_content_type" ("id") DEFERRABLE INITIALLY DEFERRED, "codename" varchar(100) NOT NULL, "name" varchar(255) NOT NULL);
INSERT INTO "auth_permission" VALUES(1,1,'add_logentry','Can add log entry');
INSERT INTO "auth_permission" VALUES(2,1,'change_logentry','Can change log entry');
INSERT INTO "auth_permission" VALUES(3,1,'delete_logentry','Can delete log entry');
INSERT INTO "auth_permission" VALUES(4,1,'view_logentry','Can view log entry');
INSERT INTO "auth_permission" VALUES(5,2,'add_permission','Can add permission');
INSERT INTO "auth_permission" VALUES(6,2,'change_permission','Can change permission');
INSERT INTO "auth_permission" VALUES(7,2,'delete_permission','Can delete permission');
INSERT INTO "auth_permission" VALUES(8,2,'view_permission','Can view permission');
INSERT INTO "auth_permission" VALUES(9,3,'add_group','Can add group');
INSERT INTO "auth_permission" VALUES(10,3,'change_group','Can change group');
INSERT INTO "auth_permission" VALUES(11,3,'delete_group','Can delete group');
INSERT INTO "auth_permission" VALUES(12,3,'view_group','Can view group');
INSERT INTO "auth_permission" VALUES(13,4,'add_contenttype','Can add content type');
INSERT INTO "auth_permission" VALUES(14,4,'change_contenttype','Can change content type');
INSERT INTO "auth_permission" VALUES(15,4,'delete_contenttype','Can delete content type');
INSERT INTO "auth_permission" VALUES(16,4,'view_contenttype','Can view content type');
INSERT INTO "auth_permission" VALUES(17,5,'add_session','Can add session');
INSERT INTO "auth_permission" VALUES(18,5,'change_session','Can change session');
INSERT INTO "auth_permission" VALUES(19,5,'delete_session','Can delete session');
INSERT INTO "auth_permission" VALUES(20,5,'view_session','Can view session');
INSERT INTO "auth_permission" VALUES(21,6,'add_area','Can add Area');
INSERT INTO "auth_permission" VALUES(22,6,'change_area','Can change Area');
INSERT INTO "auth_permission" VALUES(23,6,'delete_area','Can delete Area');
INSERT INTO "auth_permission" VALUES(24,6,'view_area','Can view Area');
INSERT INTO "auth_permission" VALUES(25,7,'add_category','Can add Category');
INSERT INTO "auth_permission" VALUES(26,7,'change_category','Can change Category');
INSERT INTO "auth_permission" VALUES(27,7,'delete_category','Can delete Category');
INSERT INTO "auth_permission" VALUES(28,7,'view_category','Can view Category');
INSERT INTO "auth_permission" VALUES(29,8,'add_customuser','Can add User');
INSERT INTO "auth_permission" VALUES(30,8,'change_customuser','Can change User');
INSERT INTO "auth_permission" VALUES(31,8,'delete_customuser','Can delete User');
INSERT INTO "auth_permission" VALUES(32,8,'view_customuser','Can view User');
INSERT INTO "auth_permission" VALUES(33,9,'add_areaadmin','Can add Area Admin');
INSERT INTO "auth_permission" VALUES(34,9,'change_areaadmin','Can change Area Admin');
INSERT INTO "auth_permission" VALUES(35,9,'delete_areaadmin','Can delete Area Admin');
INSERT INTO "auth_permission" VALUES(36,9,'view_areaadmin','Can view Area Admin');
INSERT INTO "auth_permission" VALUES(37,10,'add_product','Can add Product');
INSERT INTO "auth_permission" VALUES(38,10,'change_product','Can change Product');
INSERT INTO "auth_permission" VALUES(39,10,'delete_product','Can delete Product');
INSERT INTO "auth_permission" VALUES(40,10,'view_product','Can view Product');
INSERT INTO "auth_permission" VALUES(41,11,'add_need','Can add Need');
INSERT INTO "auth_permission" VALUES(42,11,'change_need','Can change Need');
INSERT INTO "auth_permission" VALUES(43,11,'delete_need','Can delete Need');
INSERT INTO "auth_permission" VALUES(44,11,'view_need','Can view Need');
INSERT INTO "auth_permission" VALUES(45,12,'add_contact','Can add Contact');
INSERT INTO "auth_permission" VALUES(46,12,'change_contact','Can change Contact');
INSERT INTO "auth_permission" VALUES(47,12,'delete_contact','Can delete Contact');
INSERT INTO "auth_permission" VALUES(48,12,'view_contact','Can view Contact');
CREATE TABLE "django_admin_log" ("id" integer NOT NULL PRIMARY KEY AUTOINCREMENT, "object_id" text NULL, "object_repr" varchar(200) NOT NULL, "action_flag" smallint unsigned NOT NULL CHECK ("action_flag" >= 0), "change_message" text NOT NULL, "content_type_id" integer NULL REFERENCES "django_content_type" ("id") DEFERRABLE INITIALLY DEFERRED, "user_id" bigint NOT NULL REFERENCES "relief_app_customuser" ("id") DEFERRABLE INITIALLY DEFERRED, "action_time" datetime NOT NULL);
INSERT INTO "django_admin_log" VALUES(1,'5','testing',1,'[{"added": {}}]',7,1,'2025-10-28 18:27:57.538409');
INSERT INTO "django_admin_log" VALUES(2,'13','Biscuits - Mumbai District (3 packets)',2,'[{"changed": {"fields": ["Quantity"]}}]',11,5,'2025-10-28 18:42:38.922505');
INSERT INTO "django_admin_log" VALUES(3,'4','lucknow',1,'[{"added": {}}]',6,1,'2025-10-28 18:49:40.426015');
CREATE TABLE "django_content_type" ("id" integer NOT NULL PRIMARY KEY AUTOINCREMENT, "app_label" varchar(100) NOT NULL, "model" varchar(100) NOT NULL);
INSERT INTO "django_content_type" VALUES(1,'admin','logentry');
INSERT INTO "django_content_type" VALUES(2,'auth','permission');
INSERT INTO "django_content_type" VALUES(3,'auth','group');
INSERT INTO "django_content_type" VALUES(4,'contenttypes','contenttype');
INSERT INTO "django_content_type" VALUES(5,'sessions','session');
INSERT INTO "django_content_type" VALUES(6,'relief_app','area');
INSERT INTO "django_content_type" VALUES(7,'relief_app','category');
INSERT INTO "django_content_type" VALUES(8,'relief_app','customuser');
INSERT INTO "django_content_type" VALUES(9,'relief_app','areaadmin');
INSERT INTO "django_content_type" VALUES(10,'relief_app','product');
INSERT INTO "django_content_type" VALUES(11,'relief_app','need');
INSERT INTO "django_content_type" VALUES(12,'relief_app','contact');
CREATE TABLE "django_migrations" ("id" integer NOT NULL PRIMARY KEY AUTOINCREMENT, "app" varchar(255) NOT NULL, "name" varchar(255) NOT NULL, "applied" datetime NOT NULL);
INSERT INTO "django_migrations" VALUES(1,'contenttypes','0001_initial','2025-10-28 18:12:55.567098');
INSERT INTO "django_migrations" VALUES(2,'contenttypes','0002_remove_content_type_name','2025-10-28 18:12:55.580277');
INSERT INTO "django_migrations" VALUES(3,'auth','0001_initial','2025-10-28 18:12:55.607062');
INSERT INTO "django_migrations" VALUES(4,'auth','0002_alter_permission_name_max_length','2025-10-28 18:12:55.628103');
INSERT INTO "django_migrations" VALUES(5,'auth','0003_alter_user_email_max_length','2025-10-28 18:12:55.659650');
INSERT INTO "django_migrations" VALUES(6,'auth','0004_alter_user_username_opts','2025-10-28 18:12:55.674363');
INSERT INTO "django_migrations" VALUES(7,'auth','0005_alter_user_last_login_null','2025-10-28 18:12:55.683707');
INSERT INTO "django_migrations" VALUES(8,'auth','0006_require_contenttypes_0002','2025-10-28 18:12:55.688403');
INSERT INTO "django_migrations" VALUES(9,'auth','0007_alter_validators_add_error_messages','2025-10-28 18:12:55.702545');
INSERT INTO "django_migrations" VALUES(10,'auth','0008_alter_user_username_max_length','2025-10-28 18:12:55.715454');
INSERT INTO "django_migrations" VALUES(11,'auth','0009_alter_user_last_name_max_length','2025-10-28 18:12:55.724476');
INSERT INTO "django_migrations" VALUES(12,'auth','0010_alter_group_name_max_length','2025-10-28 18:12:55.740630');
INSERT INTO "django_migrations" VALUES(13,'auth','0011_update_proxy_permissions','2025-10-28 18:12:55.752646');
INSERT INTO "django_migrations" VALUES(14,'auth','0012_alter_user_first_name_max_length','2025-10-28 18:12:55.762275');
INSERT INTO "django_migrations" VALUES(15,'relief_app','0001_initial','2025-10-28 18:12:55.805425');
INSERT INTO "django_migrations" VALUES(16,'admin','0001_initial','2025-10-28 18:12:55.833255');
INSERT INTO "django_migrations" VALUES(17,'admin','0002_logentry_remove_auto_add','2025-10-28 18:12:55.856043');
INSERT INTO "django_migrations" VALUES(18,'admin','0003_logentry_add_action_flag_choices','2025-10-28 18:12:55.873611');
INSERT INTO "django_migrations" VALUES(19,'sessions','0001_initial','2025-10-28 18:12:55.888945');
INSERT INTO "django_migrations" VALUES(20,'relief_app','0002_contact','2025-12-09 19:22:22.275881');
CREATE TABLE "django_session" ("session_key" varchar(40) NOT NULL PRIMARY KEY, "session_data" text NOT NULL, "expire_date" datetime NOT NULL);
INSERT INTO "django_session" VALUES('fudvyelmdaapq1efg08wado7ju1i0pm3','.eJxVjDsOwjAQRO_iGlnxj7CU9Jwh2rW9OHycKE4KhLg7DkoB5cy8eS_R4TKnbilx6vogjkKJ3W9H6G8xr0O4Yr4M0g95nnqSKyK3tcjzEOL9tLF_goQl1Tdzo5Vjarzea2XJq1YRuJY8aUOMwYJFYnNAA2ACWc-N1ZZZgwMgqNKvbn6OserKMtaA4dFn8f4AHmhBkg:1vT3JE:BUWp2lHOwpKqF0--yWgDVb_-FaEtWRxopAKTf7eDLzw','2025-12-23 19:23:40.763367');
CREATE TABLE "relief_app_area" ("id" integer NOT NULL PRIMARY KEY AUTOINCREMENT, "name" varchar(200) NOT NULL, "description" text NOT NULL, "address" varchar(500) NOT NULL, "pincode" varchar(10) NOT NULL, "created_at" datetime NOT NULL, "updated_at" datetime NOT NULL);
INSERT INTO "relief_app_area" VALUES(1,'Mumbai District','Mumbai metropolitan area','Mumbai, Maharashtra, India','400001','2025-10-28 18:13:11.252346','2025-10-28 18:13:11.252346');
INSERT INTO "relief_app_area" VALUES(2,'Pune District','Pune city and surrounding areas','Pune, Maharashtra, India','411001','2025-10-28 18:13:11.258793','2025-10-28 18:13:11.258793');
INSERT INTO "relief_app_area" VALUES(3,'Delhi District','Delhi NCR region','New Delhi, Delhi, India','110001','2025-10-28 18:13:11.263523','2025-10-28 18:13:11.263523');
INSERT INTO "relief_app_area" VALUES(4,'lucknow','lucknow gomti nagar','lucknow gomti nagar 226024','226024','2025-10-28 18:49:40.422029','2025-10-28 18:54:37.831418');
INSERT INTO "relief_app_area" VALUES(5,'Trivandrum','Trivandrum clarks','Unit No GF','695029','2025-10-28 18:58:51.294860','2025-10-28 18:59:25.000403');
INSERT INTO "relief_app_area" VALUES(6,'Trivandrum Clarks','testing','Unit No GF - A 17, LULU MALL, TC 91/270, Akkulam, Anayara Post, Thiruvananthapuram (Trivandrum) - 695029','695029','2025-11-01 16:59:57.607691','2025-11-01 17:00:14.129425');
CREATE TABLE "relief_app_areaadmin" ("id" integer NOT NULL PRIMARY KEY AUTOINCREMENT, "name" varchar(200) NOT NULL, "email" varchar(254) NOT NULL, "is_active" bool NOT NULL, "created_at" datetime NOT NULL, "updated_at" datetime NOT NULL, "area_id" bigint NOT NULL REFERENCES "relief_app_area" ("id") DEFERRABLE INITIALLY DEFERRED, "user_id" bigint NOT NULL UNIQUE REFERENCES "relief_app_customuser" ("id") DEFERRABLE INITIALLY DEFERRED);
INSERT INTO "relief_app_areaadmin" VALUES(1,'Rajesh Kumar','rajesh@relief.com',1,'2025-10-28 18:13:13.304201','2025-10-28 18:13:13.304201',1,2);
INSERT INTO "relief_app_areaadmin" VALUES(2,'Priya Sharma','priya@relief.com',1,'2025-10-28 18:13:14.082892','2025-10-28 18:13:14.082892',2,3);
INSERT INTO "relief_app_areaadmin" VALUES(3,'Amit Patel','amit@relief.com',1,'2025-10-28 18:13:14.569454','2025-10-28 18:13:14.569454',3,4);
INSERT INTO "relief_app_areaadmin" VALUES(4,'rudra shukla','123admin@gmail.com',1,'2025-10-28 18:26:23.960223','2025-10-28 19:11:01.409859',1,5);
INSERT INTO "relief_app_areaadmin" VALUES(5,'test admin','testadmin@gmail.com',1,'2025-11-01 17:01:06.076072','2025-11-01 17:01:06.076072',2,6);
CREATE TABLE "relief_app_category" ("id" integer NOT NULL PRIMARY KEY AUTOINCREMENT, "name" varchar(100) NOT NULL, "description" text NOT NULL, "created_at" datetime NOT NULL, "updated_at" datetime NOT NULL);
INSERT INTO "relief_app_category" VALUES(1,'Food','Food and nutrition supplies','2025-10-28 18:13:11.227270','2025-10-28 18:13:11.227270');
INSERT INTO "relief_app_category" VALUES(2,'Medicine','Medical supplies and medicines','2025-10-28 18:13:11.232073','2025-10-28 18:13:11.232073');
INSERT INTO "relief_app_category" VALUES(3,'Shelter','Temporary shelter and tents','2025-10-28 18:13:11.240154','2025-10-28 18:13:11.240154');
INSERT INTO "relief_app_category" VALUES(4,'Clothing','Clothes and personal items','2025-10-28 18:13:11.244191','2025-10-28 18:13:11.244191');
INSERT INTO "relief_app_category" VALUES(5,'testing','testing description','2025-10-28 18:27:57.533100','2025-10-28 18:27:57.533100');
INSERT INTO "relief_app_category" VALUES(6,'food','food category','2025-12-09 18:37:23.551967','2025-12-09 18:37:23.551967');
CREATE TABLE "relief_app_contact" ("id" integer NOT NULL PRIMARY KEY AUTOINCREMENT, "name" varchar(200) NOT NULL, "email" varchar(254) NOT NULL, "subject" varchar(300) NOT NULL, "message" text NOT NULL, "status" varchar(20) NOT NULL, "created_at" datetime NOT NULL, "updated_at" datetime NOT NULL);
INSERT INTO "relief_app_contact" VALUES(1,'Trivandrum Clarks','sdadmin@gmail.com','sdsd','sdsd','new','2025-12-09 19:24:04.449532','2025-12-09 19:24:04.449532');
INSERT INTO "relief_app_contact" VALUES(2,'rurdra shukla','rurad@gmail.com','need help ','i want to contact u','read','2025-12-09 19:27:54.743128','2025-12-09 19:28:27.686740');
CREATE TABLE "relief_app_customuser" ("id" integer NOT NULL PRIMARY KEY AUTOINCREMENT, "password" varchar(128) NOT NULL, "last_login" datetime NULL, "is_superuser" bool NOT NULL, "username" varchar(150) NOT NULL UNIQUE, "first_name" varchar(150) NOT NULL, "last_name" varchar(150) NOT NULL, "email" varchar(254) NOT NULL, "is_staff" bool NOT NULL, "is_active" bool NOT NULL, "date_joined" datetime NOT NULL, "user_type" varchar(20) NOT NULL, "created_at" datetime NOT NULL, "updated_at" datetime NOT NULL);
INSERT INTO "relief_app_customuser" VALUES(1,'pbkdf2_sha256$1000000$3i4Ja5c9YzGJFhUeFt8voT$qFQD4U3vdYXan6LwGtfJbGwpR/YlQV5zsoGWSZuRiI8=','2025-12-09 19:28:16.416711',1,'super_admin','Super','Admin','admin@relief.com',1,1,'2025-10-28 18:13:11.341316','super_admin','2025-10-28 18:13:11.904629','2025-10-28 18:13:11.904629');
INSERT INTO "relief_app_customuser" VALUES(2,'pbkdf2_sha256$1000000$fUN5VwYMEzg9OqJHShhgaH$qdZRx45SYb8hgCOkHMCU5DgwfmY/7vwfikTW1yfKf2Y=','2025-12-09 19:30:36.087957',0,'area_admin_1','Rajesh','Kumar','rajesh@relief.com',1,1,'2025-10-28 18:13:11.910607','area_admin','2025-10-28 18:13:13.286871','2025-10-28 18:13:13.286871');
INSERT INTO "relief_app_customuser" VALUES(3,'pbkdf2_sha256$1000000$0gQl30ZQfv4e5oomjcOZ0V$gdgakyo6C7CA4rCgC04OitwNJoDfgRcsjTONfcla6sU=',NULL,0,'area_admin_2','Priya','Sharma','priya@relief.com',1,1,'2025-10-28 18:13:13.316037','area_admin','2025-10-28 18:13:14.071871','2025-10-28 18:13:14.071871');
INSERT INTO "relief_app_customuser" VALUES(4,'pbkdf2_sha256$1000000$uASuA5IufRVDV32Oqlb7pP$WOdkUpjfmScYAO71GRGJg2rKlBDtp2AKUhdIyMiaGK8=',NULL,0,'area_admin_3','Amit','Patel','amit@relief.com',1,1,'2025-10-28 18:13:14.087401','area_admin','2025-10-28 18:13:14.560429','2025-10-28 18:13:14.560429');
INSERT INTO "relief_app_customuser" VALUES(5,'pbkdf2_sha256$1000000$AlFnbcOraKKwa5PZ4MOFO7$bKPs61wVFk8b2fHW1Y0X1nG1N3uVwvoN7OB+jTQqliA=','2025-10-28 18:29:34.758065',0,'admin123','rudradfdf','shukla','123admin@gmail.com',1,1,'2025-10-28 18:26:22.356280','area_admin','2025-10-28 18:26:23.949725','2025-10-28 18:26:23.949725');
INSERT INTO "relief_app_customuser" VALUES(6,'pbkdf2_sha256$1000000$6bruIAa5SghtfufkedzmiI$pl07OKuQcUXktTx7jIbf01BKoJLxKDlY7FyN9lwibrw=','2025-11-01 17:02:10.470803',0,'testadmin','test','admin','testadmin@gmail.com',1,1,'2025-11-01 17:01:05.433668','area_admin','2025-11-01 17:01:06.069976','2025-11-01 17:01:06.069976');
CREATE TABLE "relief_app_customuser_groups" ("id" integer NOT NULL PRIMARY KEY AUTOINCREMENT, "customuser_id" bigint NOT NULL REFERENCES "relief_app_customuser" ("id") DEFERRABLE INITIALLY DEFERRED, "group_id" integer NOT NULL REFERENCES "auth_group" ("id") DEFERRABLE INITIALLY DEFERRED);
CREATE TABLE "relief_app_customuser_user_permissions" ("id" integer NOT NULL PRIMARY KEY AUTOINCREMENT, "customuser_id" bigint NOT NULL REFERENCES "relief_app_customuser" ("id") DEFERRABLE INITIALLY DEFERRED, "permission_id" integer NOT NULL REFERENCES "auth_permission" ("id") DEFERRABLE INITIALLY DEFERRED);
CREATE TABLE "relief_app_need" ("id" integer NOT NULL PRIMARY KEY AUTOINCREMENT, "quantity" integer NOT NULL, "notes" text NOT NULL, "priority" varchar(20) NOT NULL, "status" varchar(20) NOT NULL, "created_at" datetime NOT NULL, "updated_at" datetime NOT NULL, "area_id" bigint NOT NULL REFERENCES "relief_app_area" ("id") DEFERRABLE INITIALLY DEFERRED, "created_by_id" bigint NULL REFERENCES "relief_app_customuser" ("id") DEFERRABLE INITIALLY DEFERRED, "product_id" bigint NOT NULL REFERENCES "relief_app_product" ("id") DEFERRABLE INITIALLY DEFERRED);
INSERT INTO "relief_app_need" VALUES(1,5000,'Urgent need','urgent','pending','2025-10-28 18:13:14.575806','2025-10-28 18:13:14.575806',1,NULL,1);
INSERT INTO "relief_app_need" VALUES(2,200,'','medium','pending','2025-10-28 18:13:14.586633','2025-10-28 18:13:14.586633',1,NULL,4);
INSERT INTO "relief_app_need" VALUES(3,150,'High priority','high','pending','2025-10-28 18:13:14.591372','2025-10-28 18:13:14.591372',1,NULL,7);
INSERT INTO "relief_app_need" VALUES(4,500,'','medium','pending','2025-10-28 18:13:14.598534','2025-10-28 18:13:14.598534',1,NULL,10);
INSERT INTO "relief_app_need" VALUES(5,3000,'','medium','pending','2025-10-28 18:13:14.604021','2025-10-28 18:13:14.604021',2,NULL,2);
INSERT INTO "relief_app_need" VALUES(6,1000,'Dry food needed','high','pending','2025-10-28 18:13:14.608420','2025-10-28 18:13:14.608420',2,NULL,3);
INSERT INTO "relief_app_need" VALUES(7,300,'','medium','pending','2025-10-28 18:13:14.616951','2025-10-28 18:13:14.616951',2,NULL,5);
INSERT INTO "relief_app_need" VALUES(8,5000,'Coverage material','high','pending','2025-10-28 18:13:14.622141','2025-10-28 18:13:14.622141',2,NULL,8);
INSERT INTO "relief_app_need" VALUES(9,8000,'Large requirement','urgent','pending','2025-10-28 18:13:14.625982','2025-10-28 18:13:14.625982',3,NULL,1);
INSERT INTO "relief_app_need" VALUES(10,500,'','medium','pending','2025-10-28 18:13:14.634620','2025-10-28 18:13:14.634620',3,NULL,6);
INSERT INTO "relief_app_need" VALUES(11,2000,'Winter season','high','pending','2025-10-28 18:13:14.639601','2025-10-28 18:13:14.639601',3,NULL,9);
INSERT INTO "relief_app_need" VALUES(12,1000,'','medium','pending','2025-10-28 18:13:14.647506','2025-10-28 18:13:14.647506',3,NULL,11);
INSERT INTO "relief_app_need" VALUES(13,3,'sdsd','high','pending','2025-10-28 18:33:51.948718','2025-10-28 18:42:38.916526',1,5,3);
INSERT INTO "relief_app_need" VALUES(14,2,'testing','high','pending','2025-12-09 18:36:06.347238','2025-12-09 18:36:06.347238',3,1,5);
CREATE TABLE "relief_app_product" ("id" integer NOT NULL PRIMARY KEY AUTOINCREMENT, "name" varchar(200) NOT NULL, "description" text NOT NULL, "unit" varchar(50) NOT NULL, "created_at" datetime NOT NULL, "updated_at" datetime NOT NULL, "category_id" bigint NOT NULL REFERENCES "relief_app_category" ("id") DEFERRABLE INITIALLY DEFERRED);
INSERT INTO "relief_app_product" VALUES(1,'Rice','Basmati rice','kg','2025-10-28 18:13:11.272504','2025-10-28 18:13:11.272504',1);
INSERT INTO "relief_app_product" VALUES(2,'Wheat Flour','Wheat flour','kg','2025-10-28 18:13:11.277050','2025-10-28 18:13:11.277050',1);
INSERT INTO "relief_app_product" VALUES(3,'Biscuits','Dry biscuits','packets','2025-10-28 18:13:11.281432','2025-10-28 18:13:11.281432',1);
INSERT INTO "relief_app_product" VALUES(4,'Pain Relievers','Pain relief medicines','boxes','2025-10-28 18:13:11.288589','2025-10-28 18:13:11.288589',2);
INSERT INTO "relief_app_product" VALUES(5,'Antibiotics','Antibiotic medicines','strips','2025-10-28 18:13:11.293782','2025-10-28 18:13:11.293782',2);
INSERT INTO "relief_app_product" VALUES(6,'First Aid Kit','Complete first aid kit','kits','2025-10-28 18:13:11.299640','2025-10-28 18:13:11.299640',2);
INSERT INTO "relief_app_product" VALUES(7,'Tents','Temporary shelter tents','units','2025-10-28 18:13:11.306291','2025-10-28 18:13:11.306291',3);
INSERT INTO "relief_app_product" VALUES(8,'Tarpaulin','Tarpaulin sheets','meters','2025-10-28 18:13:11.310375','2025-10-28 18:13:11.310375',3);
INSERT INTO "relief_app_product" VALUES(9,'Blankets','Warm blankets','pieces','2025-10-28 18:13:11.315729','2025-10-28 18:13:11.315729',3);
INSERT INTO "relief_app_product" VALUES(10,'Clothes','Used clothes','pieces','2025-10-28 18:13:11.322766','2025-10-28 18:13:11.322766',4);
INSERT INTO "relief_app_product" VALUES(11,'Shoes','Footwear','pairs','2025-10-28 18:13:11.328240','2025-10-28 18:13:11.328240',4);
CREATE UNIQUE INDEX "django_content_type_app_label_model_76bd3d3b_uniq" ON "django_content_type" ("app_label", "model");
CREATE UNIQUE INDEX "auth_group_permissions_group_id_permission_id_0cd325b0_uniq" ON "auth_group_permissions" ("group_id", "permission_id");
CREATE INDEX "auth_group_permissions_group_id_b120cbf9" ON "auth_group_permissions" ("group_id");
CREATE INDEX "auth_group_permissions_permission_id_84c5c92e" ON "auth_group_permissions" ("permission_id");
CREATE UNIQUE INDEX "auth_permission_content_type_id_codename_01ab375a_uniq" ON "auth_permission" ("content_type_id", "codename");
CREATE INDEX "auth_permission_content_type_id_2f476e4b" ON "auth_permission" ("content_type_id");
CREATE UNIQUE INDEX "relief_app_customuser_groups_customuser_id_group_id_7589385b_uniq" ON "relief_app_customuser_groups" ("customuser_id", "group_id");
CREATE INDEX "relief_app_customuser_groups_customuser_id_884476b6" ON "relief_app_customuser_groups" ("customuser_id");
CREATE INDEX "relief_app_customuser_groups_group_id_1c17f11b" ON "relief_app_customuser_groups" ("group_id");
CREATE UNIQUE INDEX "relief_app_customuser_user_permissions_customuser_id_permission_id_2314b052_uniq" ON "relief_app_customuser_user_permissions" ("customuser_id", "permission_id");
CREATE INDEX "relief_app_customuser_user_permissions_customuser_id_2a1258c9" ON "relief_app_customuser_user_permissions" ("customuser_id");
CREATE INDEX "relief_app_customuser_user_permissions_permission_id_b305fedc" ON "relief_app_customuser_user_permissions" ("permission_id");
CREATE INDEX "relief_app_areaadmin_area_id_fb34ef67" ON "relief_app_areaadmin" ("area_id");
CREATE INDEX "relief_app_product_category_id_26d0435e" ON "relief_app_product" ("category_id");
CREATE INDEX "relief_app_need_area_id_469bbb70" ON "relief_app_need" ("area_id");
CREATE INDEX "relief_app_need_created_by_id_7b2944d4" ON "relief_app_need" ("created_by_id");
CREATE INDEX "relief_app_need_product_id_2d8f25a4" ON "relief_app_need" ("product_id");
CREATE INDEX "django_admin_log_content_type_id_c4bce8eb" ON "django_admin_log" ("content_type_id");
CREATE INDEX "django_admin_log_user_id_c564eba6" ON "django_admin_log" ("user_id");
CREATE INDEX "django_session_expire_date_a5c62663" ON "django_session" ("expire_date");
DELETE FROM "sqlite_sequence";
INSERT INTO "sqlite_sequence" VALUES('django_migrations',20);
INSERT INTO "sqlite_sequence" VALUES('django_content_type',12);
INSERT INTO "sqlite_sequence" VALUES('auth_permission',48);
INSERT INTO "sqlite_sequence" VALUES('auth_group',0);
INSERT INTO "sqlite_sequence" VALUES('django_admin_log',3);
INSERT INTO "sqlite_sequence" VALUES('relief_app_category',6);
INSERT INTO "sqlite_sequence" VALUES('relief_app_area',6);
INSERT INTO "sqlite_sequence" VALUES('relief_app_product',11);
INSERT INTO "sqlite_sequence" VALUES('relief_app_customuser',6);
INSERT INTO "sqlite_sequence" VALUES('relief_app_areaadmin',5);
INSERT INTO "sqlite_sequence" VALUES('relief_app_need',14);
INSERT INTO "sqlite_sequence" VALUES('relief_app_contact',2);
COMMIT;
